{
    "Distance Heuristic": {
        "A_STAR_1_H": {
            "path": 47,
            "time": 17624.479999998584
        },
        "Greedy": {
            "path": 51,
            "time": 85.05999995395541
        }
    },
    "Entropy Heuristic": {
        "Greedy": {
            "path": 57,
            "time": 369.6400000480935
        },
        "A_STAR_1_H": {
            "path": 47,
            "time": 39619.81000006199
        },
        "A_STAR_AS_BFS": {
            "path": 47,
            "time": 40513.054999988526
        },
        "A_STAR_25_H": {
            "path": 47,
            "time": 115708.39000004344
        },
        "A_STAR_35_H": {
            "path": 47,
            "time": 26511.274999938905
        },
        "A_STAR_40_H": {
            "path": 47,
            "time": 49242.18000005931
        },
        "A_STAR_45_H": {
            "path": 51,
            "time": 3975.9000000776723
        },
        "A_STAR_50_H": {
            "path": 51,
            "time": 6025.905000045896
        }
    }
}